name,address,subscribers,description,male_pct,female_pct
"Hi, AI | –ù–æ–≤–æ—Å—Ç–∏ —Ç–µ—Ö–Ω–æ–ª–æ–≥–∏–π",https://t.me/hiaimedia,1179162,–ì–ª–∞–≤–Ω—ã–π –∫–∞–Ω–∞–ª –æ–± –∏—Å–∫—É—Å—Å—Ç–≤–µ–Ω–Ω–æ–º –∏–Ω—Ç–µ–ª–ª–µ–∫—Ç–µ –∏ –Ω–µ–π—Ä–æ—Å–µ—Ç—è—Ö.,40.7,59.3
–ù–µ–π—Ä–æ–¥–≤–∏–∂,https://t.me/neuraldvig,376489,"–ö—É–ª—å—Ç–æ–≤—ã–π –∫–∞–Ω–∞–ª –ø—Ä–æ –Ω–µ–π—Ä–æ—Å–µ—Ç–∏, —Ç–µ—Ö–Ω–æ–ª–æ–≥–∏–∏ –∏ IT.",73.5,26.5
AI News | –ù–µ–π—Ä–æ—Å–µ—Ç–∏,https://t.me/gpt_news,351613,–¢–µ—Ö–ø–æ–¥–¥–µ—Ä–∂–∫–∞ @IMC_tech,43.0,57.0
Neural Pony,https://t.me/neuralpony,229389,Discover the latest advancements in artificial intelligence and deep learning through our Telegram channel dedicated to all things neural networks.,79.0,21.0
Machinelearning,https://t.me/ai_machinelearning_big_data,225743,–ü–æ–≥—Ä—É–∂–∞–µ–º—Å—è –≤ –º–∞—à–∏–Ω–Ω–æ–µ –æ–±—É—á–µ–Ω–∏–µ –∏ Data Science,,
TechObserve,https://t.me/TechObserve,125600,"–í—Å–µ –æ —Ç—Ä–µ–Ω–¥–∞—Ö –≤ –º–∏—Ä–µ —Ç–µ—Ö–Ω–æ–ª–æ–≥–∏–π, IT –∏ –±–∏–∑–Ω–µ—Å–∞",46.8,53.2
–î–∂–∞—Ä–≤–∏—Å –ù—å—é—Å | –ù–µ–π—Ä–æ—Å–µ—Ç–∏,https://t.me/JarvisNew,79012,"–î–∂–∞—Ä–≤–∏—Å, —Ç–≤–æ–π –Ω–æ–≤–æ—Å—Ç–Ω–æ–π –∞—Å—Å–∏—Å—Ç–µ–Ω—Ç –≤ –º–∏—Ä–µ –Ω–µ–π—Ä–æ—Å–µ—Ç–µ–π. –õ—É—á—à–∏–π –∫–æ–Ω—Ç–µ–Ω—Ç ‚Äî –∑–¥–µ—Å—å!",71.4,28.6
—ç–π–∞–π –Ω—å—é–∑,https://t.me/ai_newz,78648,"–ö—É–ª—å—Ç—É—Ä–Ω–æ –æ—Å–≤–µ—â–∞—é —Å–∞–º—ã–µ –∏ –Ω–µ —Å–∞–º—ã–µ –≤–∞–∂–Ω—ã–µ –Ω–æ–≤–æ—Å—Ç–∏ –∏–∑ –º–∏—Ä–∞ AI, –∏ –æ–±–ª–∞–≥–æ—Ä–∞–∂–∏–≤–∞—é –∏—Ö —Å–≤–æ–∏–º –∞–≤—Ç–æ—Ä–∏—Ç–µ—Ç–Ω—ã–º –ø—Ä–æ—Ñ–µ—Å—Å–∏–æ–Ω–∞–ª—å–Ω—ã–º –º–Ω–µ–Ω–∏–µ–º.",75.8,24.2
Data Secrets,https://t.me/data_secrets,76167,–ì–ª–∞–≤–Ω—ã–π –ø–æ –º–∞—à–∏–Ω–Ω–æ–º—É –æ–±—É—á–µ–Ω–∏—é,80.7,19.3
–°–∏–æ–ª–æ—à–Ω–∞—è,https://t.me/seeallochnaya,64658,"–ö–∞–Ω–∞–ª SeeAll'–∞ —Å –Ω–æ–≤–æ—Å—Ç—è–º–∏ (–∏ –º—ã—Å–ª—è–º–∏ –æ –Ω–∏—Ö) –∏–∑ –º–∏—Ä–∞ NLP, VR –∏ –∫–æ—Å–º–æ—Å–∞.",,
Neural Shit,https://t.me/NeuralShit,49144,–ü—Ä–æ–∫–ª—è—Ç—ã–µ –Ω–µ–π—Ä–æ–Ω–Ω—ã–µ —Å–µ—Ç–∏,,
Machine learning Interview,https://t.me/machinelearning_interview,46422,"–†–∞–∑–±–∏—Ä–∞–µ–º –≤–æ–ø—Ä–æ—Å—ã —Å —Å–æ–±–µ—Å–µ–¥–æ–≤–∞–Ω–∏–π –ø–æ Machine Learning, Data Science, Deep Learning –∏ –ù–µ–π—Ä–æ–Ω–Ω—ã–º —Å–µ—Ç—è–º, Python.",,
Stable Diffusion News | –ù–µ–π—Ä–æ—Å–µ—Ç–∏,https://t.me/StableDiffusionBest,40369,–ù–∞—à –±–æ—Ç ‚Äî @StableDiffusion_robot,62.8,37.2
–ù–µ–π—Ä–æ–ø—Ä–∞–∫—Ç–∏–∫–∞ | –í—Å–µ –æ –Ω–µ–π—Ä–æ—Å–µ—Ç—è—Ö,https://t.me/neuro_praxis,31292,"–í—Å—ë, —á—Ç–æ –Ω—É–∂–Ω–æ –∑–Ω–∞—Ç—å –ø—Ä–æ –Ω–µ–π—Ä–æ—Å–µ—Ç–∏",10.5,89.5
Chad GPT | –ù–µ–π—Ä–æ—Å–µ—Ç–∏,https://t.me/AI_Chad,29911,"–ú–µ–¥–∏–∞ –æ –Ω–µ–π—Ä–æ—Å–µ—Ç—è—Ö, —Å–æ–≤—Ä–µ–º–µ–Ω–Ω–æ–º –º–∞—Ä–∫–µ—Ç–∏–Ω–≥–µ –∏ –∏–Ω—Ç–µ—Ä–Ω–µ—Ç-—Ç—Ä–µ–Ω–¥–∞—Ö.",59.6,40.4
Neural Brain - –ù–µ–π—Ä–æ—Å–µ—Ç–∏,https://t.me/neural_braining,27783,"–°–∞–º—ã–µ —Ç–æ–ø–æ–≤—ã–µ –∏ –≥–æ—Ä—è—á–∏–µ –Ω–æ–≤–æ—Å—Ç–∏ –∏–∑ –≤—Å–µ–≥–æ –º–∏—Ä–∞ –ø–æ –ò–ò –≤ –æ–¥–Ω–æ–º –º–µ—Å—Ç–µ, —Å—Ç–∞—Ä–∞–µ–º—Å—è –Ω–∞ —Å–æ–≤–µ—Å—Ç—å. –ù–∞—à –±–æ—Ç: https://t.me/Crazy_gpt_bot",64.7,35.3
Lama AI,https://t.me/lama_channel_gpt,23787,"@gpt_lama_bot ‚Äî GPT-5, o3, o4-mini, Gemini 2.5 Pro, DeepSeek, Flux –∏ –º–Ω–æ–≥–æ–µ –¥—Ä—É–≥–æ–µ!",68.4,31.6
–†–∏–Ω–∞—Ç –®–∞–∫–∏—Ä–æ–≤ | –ü—Ä–æ–º–ø—Ç—ã –¥–ª—è Midjourney | ChatGPT,https://t.me/dailyprompts,23347,"–ì–ª–∞–≤–Ω—ã–µ –Ω–æ–≤–æ—Å—Ç–∏ –≤ —Å—Ñ–µ—Ä–µ –ò–ò, –∞–≤—Ç–æ—Ä—Å–∫–∏–µ –ø—Ä–æ–º–ø—Ç—ã, –æ–±–∑–æ—Ä –ª—É—á—à–∏—Ö –ò–ò-—Å–µ—Ä–≤–∏—Å–æ–≤, –∞ —Ç–∞–∫–∂–µ —Å–ø–æ—Å–æ–±—ã –∏—Å–ø–æ–ª—å–∑–æ–≤–∞–Ω–∏—è –ò–ò –≤ —Ä–∞–±–æ—Ç–µ –∏ –∂–∏–∑–Ω–∏.",51.6,48.4
Not Boring Tech,https://t.me/notboring_tech,18162,–ü–∏—à—É –ø—Ä–æ –º–∏—Ä —Ç–µ—Ö–Ω–æ–ª–æ–≥–∏–π –∏ —Å—Ç–∞—Ä—Ç–∞–ø–æ–≤,67.4,32.6
–ü—Ä–æ–º–ø—Ç –¥–ª—è –≤–¥–æ—Ö–Ω–æ–≤–µ–Ω–∏—è,https://t.me/promtext,16205,–î–µ–ª–∏–º—Å—è —Ñ–∏—à–∫–∞–º–∏ –∏ –ª–∞–π—Ñ—Ö–∞–∫–∞–º–∏ —Ä–∞–∑–ª–∏—á–Ω—ã—Ö –Ω–µ–π—Ä–æ—Å–µ—Ç–µ–π.,46.4,53.6
Ppprompt | Sexy AI Prompts & Experiments | by @ponchiknews,https://t.me/ppprompt,12023,–ê–≤—Ç–æ—Ä—Å–∫–∏–π –∫–∞–Ω–∞–ª –ø—Ä–æ AI –∏ —Ç–µ—Ö–Ω–æ–ª–æ–≥–∏–∏ –æ—Ç –ê–ª–µ–∫—Å–µ—è –ò–≤–∞–Ω–æ–≤–∞ @ponchiknews. –ü—Ä–æ —Ä–µ–∫–ª–∞–º—É –º–æ–∂–Ω–æ —Å–ø—Ä–æ—Å–∏—Ç—å –ñ–µ–Ω—é: @RealPonchikTeam,66.4,33.6
–ú–µ—Ç–∞–≤–µ—Ä—Å–æ—à–Ω–∞—è,https://t.me/olya_tashit,11919,–ê–≤—Ç–æ—Ä—Å–∫–∏–π –∫–∞–Ω–∞–ª –û–ª—å–≥–∏ –ö–∞–π –ø—Ä–æ Metaverse|VR|AR|–ò–ò|–ê–≤–∞—Ç–∞—Ä—ã –∏ –∑–∞—á–µ–º –Ω–∞–º —ç—Ç–æ –≤—Å–µ –≤ –∂–∏–∑–Ω–∏ –∏ –±–∏–∑–Ω–µ—Å–µ.,65.1,34.9
–¢–æ—á–∫–∏ –Ω–∞–¥ –ò–ò,https://t.me/TochkiNadAI,10811,–†–µ—Å–µ—Ä—á—É AI-—Å–µ—Ä–≤–∏—Å—ã –¥–ª—è –≤—Å–µ—Ö –ø—Ä–æ—Ñ–µ—Å—Å–∏–π,61.7,38.3
CGIT_Vines,https://t.me/CGIT_Vines,10514,"–ö–∞–Ω–∞–ª –æ —Å—Ñ–µ—Ä–∞—Ö CG, –ò–≥—Ä –∏ –ì–µ–Ω–µ—Ä–∞—Ç–∏–≤–∞, –≤—Å–µ —Å –ø–æ–º–æ—â—å—é —á–µ–≥–æ –º—ã –≥–µ–Ω–µ—Ä–∏—Ä—É–µ–º –≤–∏–∑—É–∞–ª—å–Ω–æ–µ –∏ –∏–Ω—Ç–µ—Ä–∞–∫—Ç–∏–≤–Ω–æ–µ –∏—Å–∫—É—Å—Å—Ç–≤–æ.",,
–ë–µ–≥–∏–Ω,https://t.me/inclient,10072,"–ö–æ–Ω—Ç–µ–Ω—Ç-–º–∞—Ä–∫–µ—Ç–∏–Ω–≥, –Ω–µ–π—Ä–æ—Å–µ—Ç–∏ –∏ –∂–∏—Ç–∏–µ-–±—ã—Ç–∏–µ. –ê–≤—Ç–æ—Ä: –ê–ª–µ–∫—Å–µ–π –ë–µ–≥–∏–Ω (@begin17), –ø–∞—Ä—Ç–Ω–µ—Ä—Å—Ç–≤–æ –Ω–µ –ø—Ä–µ–¥–ª–∞–≥–∞—Ç—å, –∞ –≤–æ—Ç —Ä–µ–∫–ª–∞–º—É –∫—É–ø–∏—Ç—å —É –º–µ–Ω—è –º–æ–∂–Ω–æ",58.1,41.9
Nerual Dreming –∏ –Ω–µ–π—Ä–æ—Å–µ—Ç–∏,https://t.me/neuro_art0,9647,"–û—Å–Ω–æ–≤–∞—Ç–µ–ª—å –æ–Ω–ª–∞–π–Ω –Ω–µ–π—Ä–æ—Å–µ—Ç–∏ ArtGeneration.me, —Ç–µ—Ö–Ω–æ–±–ª–æ–≥–µ—Ä –∏ –Ω–µ–π—Ä–æ-–µ–≤–∞–Ω–≥–∏–ª–∏—Å—Ç.",76.5,23.5
Data Portal | Data Science & –ú–∞—à–∏–Ω–Ω–Ω–æ–µ –æ–±—É—á–µ–Ω–∏–µ,https://t.me/DataSciencegx,8568,–ü—Ä–∏—Å–æ–µ–¥–∏–Ω—è–π—Ç–µ—Å—å –∫ –Ω–∞—à–µ–º—É –∫–∞–Ω–∞–ª—É –∏ –ø–æ–≥—Ä—É–∑–∏—Ç–µ—Å—å –≤ –º–∏—Ä –¥–ª—è –¥–∞—Ç–∞ —Å–∞–π–µ–Ω—Ç–∏—Å—Ç–∞,79.7,20.3
–ë–∞–∑–∞ –∑–Ω–∞–Ω–∏–π AI,https://t.me/ict_moscow_ai,8165,Telegram-–∫–∞–Ω–∞–ª –æ—Ç–∫—Ä—ã—Ç–æ–π –±–∞–∑—ã –∑–Ω–∞–Ω–∏–π –æ–± –∏—Å–∫—É—Å—Å—Ç–≤–µ–Ω–Ω–æ–º –∏–Ω—Ç–µ–ª–ª–µ–∫—Ç–µ ict.moscow/ai,60.8,39.2
Digital –®–∫–∞—Ñ,https://t.me/digitalshkaf,7894,–ñ—É—Ä–Ω–∞–ª –ø—Ä–æ —Ç–µ—Ö–Ω–æ–ª–æ–≥–∏–∏ –∏ –∏—Ö —Å–≤—è–∑—å —Å –∏—Å–∫—É—Å—Å—Ç–≤–æ–º –∏ –º–æ–¥–æ–π,,
ChatGPT | NeuroNews,https://t.me/ChatGPT_NeuroNews,6320,–ë–µ–∑–ª–∏–º–∏—Ç–Ω—ã–π @ChatGPT_Insight_Bot,47.1,52.9
Psy Eyes,https://t.me/Psy_Eyes,6318,–ö—Ä–µ–∞—Ç–∏–≤ + AI + Web3... –∏ –º–µ–º—ã,78.6,21.4
Digital in Pharma üíä,https://t.me/digital_in_pharma,6064,–§–∞—Ä–º–∞. –î–∏–¥–∂–∏—Ç–∞–ª. –ó–¥—Ä–∞–≤—ã–π —Å–º—ã—Å–ª.,,
"–ú–∏–¥–∂–æ—Ä–Ω–∏—É–º - –ø—Ä–æ–º–ø—Ç—ã –∏ —Å–æ–≤–µ—Ç—ã –¥–ª—è –Ω–µ–π—Ä–æ—Å–µ—Ç–µ—Ç–µ–π Midjourney, Dall-e, SD, –∏ –¥—Ä.",https://t.me/midjornium,6056,"–ö–∞–Ω–∞–ª –¥–ª—è —Ç–µ—Ö, –∫—Ç–æ –ª—é–±–∏—Ç —Å–æ–∑–¥–∞–≤–∞—Ç—å –∫—Ä–µ–∞—Ç–∏–≤–Ω—ã–µ –∏–∑–æ–±—Ä–∞–∂–µ–Ω–∏—è –≤ Midjourney, Dall-e, SD –∏ –¥—Ä—É–≥–∏—Ö –Ω–µ–π—Ä–æ—Å–µ—Ç—è—Ö –∏ –≤–∏–¥–µ–æ –≤ Runway, Kling –∏ —Ç.–¥.",40.4,59.6
"–ê —è –∫–∞–∫ —Å–∫–∞–∑–∞–ª? –ù–µ–π—Ä–æ—Å–µ—Ç–∏, SMM",https://t.me/ayakakskazal,5831,"–¢–æ–ø–æ–≤—ã–µ –Ω–µ–π—Ä–æ—Å–µ—Ç–∏ –¥–ª—è –º–∞—Ä–∫–µ—Ç–æ–ª–æ–≥–æ–≤, –∞–≤—Ç–æ—Ä–æ–≤ –∏ smm.",45.7,54.3
PROJECT+ | –ù–µ–π—Ä–æ—Å–µ—Ç–∏,https://t.me/projplus,5814,"–ù–æ–≤–æ—Å—Ç–∏ –∏ –∏–Ω—Å–∞–π–¥—ã –∏–∑ –º–∏—Ä–∞ –Ω–µ–π—Ä–æ—Å–µ—Ç–µ–π, —É–Ω–∏–∫–∞–ª—å–Ω—ã–µ –ø—Ä–æ–º—Ç—ã –∏ —Ç–æ–ø–æ–≤—ã–µ AI-–∏–Ω—Å—Ç—Ä—É–º–µ–Ω—Ç—ã.",62.0,38.0
"Future Sailors ‚Äî AR, AI, VR –Ω–æ–≤–æ—Å—Ç–∏ —Ç–µ—Ö–Ω–æ–ª–æ–≥–∏–π",https://t.me/futuresailors,5307,"AI, AR –∏ –º–µ—Ç–∞–≤—ë—Ä—Å—ã ‚Äì –∏—Å—Å–ª–µ–¥—É–µ–º —Ç–µ—Ö–Ω–æ–ª–æ–≥–∏–∏ –∏ –¥–æ–Ω–æ—Å–∏–º –≥–ª–∞–≤–Ω–æ–µ –ø–æ–Ω—è—Ç–Ω—ã–º —è–∑—ã–∫–æ–º.",62.1,37.9
–ò–ò ‚Äî svodka.ai: –∫—Ä–∞—Ç–∫–∏–µ —Å–≤–æ–¥–∫–∏ –∫–∞–Ω–∞–ª–æ–≤,https://t.me/svodkaai_ai,4984,"–ö–∞–∂–¥–æ–µ —É—Ç—Ä–æ ‚Äì —Å–≤–æ–¥–∫–∞ –∏–Ω—Ç–µ—Ä–µ—Å–Ω—ã—Ö —Å–æ–æ–±—â–µ–Ω–∏–π –∏–∑ –¥–µ—Å—è—Ç–∫–æ–≤ –∫–∞–Ω–∞–ª–æ–≤ –ø—Ä–æ –∏—Å–∫—É—Å—Å—Å—Ç–≤–µ–Ω–Ω—ã–π –∏–Ω—Ç–µ–ª–ª–µ–∫—Ç (–ò–ò, AI).",77.8,22.2
AI - –∞–≥—Ä–µ–≥–∞—Ç–æ—Ä –ø—Ä–æ –Ω–µ–π—Ä–æ–Ω–∫–∏ | –ò–ò | AI,https://t.me/ainetworkss,4579,Telegram –∫–∞–Ω–∞–ª –æ–± AI (artificial intelligence):,,
–¢–∞–Ω—è –†—É–º—è–Ω—Ü–µ–≤–∞ PRO –ù–µ–π—Ä–æ—Å–µ—Ç–∏/–ê–≤—Ç–æ–º–∞—Ç–∏–∑–∞—Ü–∏—è n8n,https://t.me/myspacet_ai,3975,"n8n, –Ω–µ–π—Ä–æ—Å–µ—Ç–∏ –∏ –∞–≤—Ç–æ–º–∞—Ç–∏–∑–∞—Ü–∏—è:",67.4,32.6
Futuris,https://t.me/Futuris,3821,"@Futuris - –∫–∞–Ω–∞–ª –æ —Ç–µ—Ö–Ω–æ–ª–æ–≥–∏—è—Ö, –±—É–¥—É—â–µ–º –∏ –Ω–µ —Ç–æ–ª—å–∫–æ.",79.8,20.2
"OMG GPT: Midjourney, DeepSeek, IT",https://t.me/omggpt,3780,"–ò–ò-–¥–∞–π–¥–∂–µ—Å—Ç: —Ç—Ä–µ–Ω–¥—ã, —Ç–µ—Ö–Ω–æ–ª–æ–≥–∏–∏, –Ω–µ–π—Ä–æ—Å–µ—Ç–∏ –∏ —Ü–∏—Ñ—Ä–æ–≤—ã–µ –∏–Ω–Ω–æ–≤–∞—Ü–∏–∏!",59.1,40.9
SkyNet AI ‚Äì –ù–µ–π—Ä–æ—Å–µ—Ç–∏ AI,https://t.me/Sky_Net_AI,3638,–ò–ò | –ù–µ–π—Ä–æ—Å–µ—Ç–∏ | –¢–µ—Ö–Ω–æ–ª–æ–≥–∏–∏,55.9,44.1
AI Sapiens | –ù–µ–π—Ä–æ—Å–µ—Ç–∏ –∏ –ò–ò,https://t.me/aisapiens,3386,–ö–∞–∫ –∏—Å–∫—É—Å—Å—Ç–≤–µ–Ω–Ω—ã–π –∏–Ω—Ç–µ–ª–ª–µ–∫—Ç –ø–æ–º–æ–≥–∞–µ—Ç –ø–æ–±–µ–¥–∏—Ç—å –µ—Å—Ç–µ—Å—Ç–≤–µ–Ω–Ω—É—é –≥–ª—É–ø–æ—Å—Ç—å –∏ –ø–æ–ª—É—á–∏—Ç—å —Å–≤–µ—Ä—Ö—ä–µ—Å—Ç–µ—Å—Ç–≤–µ–Ω–Ω—ã–µ —Ä–µ–∑—É–ª—å—Ç–∞—Ç—ã,,
GPT Access | –ø—Ä–æ –Ω–µ–π—Ä–æ—Å–µ—Ç–∏,https://t.me/gpt_access,3337,–ù–µ—Å–∫—É—á–Ω—ã–µ –Ω–æ–≤–æ—Å—Ç–∏ –∏–∑ –º–∏—Ä–∞ –Ω–µ–π—Ä–æ—Å–µ—Ç–µ–π,70.6,29.4
‚ú¥Ô∏è–ö—Ä–µ–∞—Ç–∏–≤–Ω–∞—è –≤–æ–ª—à–±–∞ –ö—Ä–∏—Å | RealSWorldüåç,https://t.me/Creative_Volshba_KJ,2981,"–ö–∞–Ω–∞–ª –ö—Ä–∏—Å –î–∂–æ–Ω—Å–æ–Ω –∏–∑ –°—Ç–æ–∫–≥–æ–ª—å–º–∞: –Ω–µ–π—Ä–æ–∫—Ä–µ–∞—Ç–æ—Ä, –Ω–µ–π—Ä–æ–∏–Ω—Ç–µ–≥—Ä–∞—Ç–æ—Ä –∏ –Ω–µ–π—Ä–æ–º–æ–¥–µ–ª—å. –í–¥–æ—Ö–Ω–æ–≤–ª—è—é, –≤–Ω–µ–¥—Ä—è—é –ò–ò –∏ —Ä–∞–∑–≤–∏–≤–∞—é –≤–∏—Ä—Ç—É–∞–ª—å–Ω—ã–π –∏–Ω—Ñ–ª—é–µ–Ω—Å –¥–ª—è –ø—Ä–æ–≥—Ä–µ—Å—Å–∏–≤–Ω—ã—Ö –±–∏–∑–Ω–µ—Å-—Ä–µ—à–µ–Ω–∏–π.",,
–ò–ò —Ç–µ–±–µ,https://t.me/iitebe,2893,"–ü–æ–ª–µ–∑–Ω—ã–µ –Ω–µ–π—Ä–æ—Å–µ—Ç–∏, —Å–µ—Ä–≤–∏—Å—ã —Å –ò–ò, –∏ –ø—Ä–∏–º–µ–Ω–µ–Ω–∏–µ –Ω–µ–π—Ä–æ—Å–µ—Ç–µ–π –≤ —Ä–µ–∞–ª—å–Ω–æ–π –∂–∏–∑–Ω–∏. –ë—É–¥—É—â–µ–µ —É–∂–µ –∑–¥–µ—Å—å.",78.5,21.5
üü¢ –ß–µ–ª–æ–≤–µ—á–Ω—ã–π –∏–Ω—Ç–µ–ª–ª–µ–∫—Ç,https://t.me/ai_vibe,2219,–£—á—É –ø–æ–Ω–∏–º–∞—Ç—å –∏ —Å–æ–∑–¥–∞–≤–∞—Ç—å –≤–∏–∑—É–∞–ª—å–Ω—ã–π –∫–æ–Ω—Ç–µ–Ω—Ç –Ω–æ–≤–æ–≥–æ –≤—Ä–µ–º–µ–Ω–∏ ‚Äî —Å –ø–æ–º–æ—â—å—é –Ω–µ–π—Ä–æ—Å–µ—Ç–µ–π,,
AI –∏ –≥—Ä–∞–±–ª–∏,https://t.me/oestick,2154,"–°—Ç—Ä–æ–∏–ª HR –ø—Ä–æ–¥—É–∫—Ç—ã –¥–ª—è –∞–º–µ—Ä–∏–∫–∞–Ω—Å–∫–æ–≥–æ –±–∏–≥—Ç–µ—Ö–∞. –í–Ω–µ–¥—Ä—è—é AI –≤ —á—É–∂–æ–π –±–∏–∑–Ω–µ—Å, –¥–µ–ª–∞—é —Å–≤–æ–π, –∫–æ—Å—è—á—É –∏ –ø–∏—à—É –ø—Ä–æ –ø–æ–¥–Ω–æ–≥–æ—Ç–Ω—É—é.",82.5,17.5
100% AI-generated | –ù–µ–π—Ä–æ—Å–µ—Ç–∏ & –ê—Ä—Ç,https://t.me/aigeneratedstuff,2122,Frontend-–∫–∞–Ω–∞–ª –º–∏—Ä–∞ –Ω–µ–π—Ä–æ—Å–µ—Ç–µ–π,62.7,37.3
Upgraide.me ‚Äî –í–∞—à–∞ –∫–æ–º–∞–Ω–¥–∞ –ò–ò,https://t.me/upgraide_ru,1939,–í–∞—à–∞ –ª–∏—á–Ω–∞—è –∫–æ–º–∞–Ω–¥–∞ –ò–ò: Upgraide.me,,
Robocounsel,https://t.me/robocounsel,1913,"–û —Ä–µ–≥—É–ª–∏—Ä–æ–≤–∞–Ω–∏–∏ –∏ —Å–æ—Ü–∏–∞–ª—å–Ω—ã—Ö –∞—Å–ø–µ–∫—Ç–∞—Ö –ø—Ä–∏–º–µ–Ω–µ–Ω–∏—è –ò–ò –∏ –¥–∞–Ω–Ω—ã—Ö, –ø—Ä–µ–∏–º—É—â–µ—Å—Ç–≤–µ–Ω–Ω–æ –≤ –ï–°. –ü—É–±–ª–∏–∫–∞—Ü–∏–∏ –æ—Ç—Ä–∞–∂–∞—é—Ç —Å—É–≥—É–±–æ –ª–∏—á–Ω–æ–µ –º–Ω–µ–Ω–∏–µ –∞–≤—Ç–æ—Ä–∞.",49.4,50.6
Code Stars,https://t.me/code_stars,1888,Code Stars provides notifications about GitHub repositories that are gaining a significant number of stars in a short period of time. Be the first to find out about trending repositories that everybody will be talking about soon.,87.8,12.2
–ê–ª–µ–∫—Å–µ–π | –í–∑–ª–æ–º –†–æ—Å—Ç–∞ AI,https://t.me/growth1hack,1600,–ü—Ä–æ AI + –ú–∞—Ä–∫–µ—Ç–∏–Ω–≥ + –ë–∏–∑–Ω–µ—Å.,,
Neuroimages | –ê—Ä—Ç—ã –æ—Ç –Ω–µ–π—Ä–æ—Å–µ—Ç–µ–π,https://t.me/neuro_images,1288,–ì–∞–ª–µ—Ä–µ—è –∏—Å–∫—É—Å—Å—Ç–≤–µ–Ω–Ω–æ–≥–æ –∏–Ω—Ç–µ–ª–ª–µ–∫—Ç–∞,,
–í–µ–∑–¥–µ—Å—É—â–∏–π –ò–ò | –õ—É—á—à–∏–µ –Ω–µ–π—Ä–æ—Å–µ—Ç–∏,https://t.me/ii_papka,1158,"–ò–ò ‚Äî —ç—Ç–æ –∫—Ä—É—Ç–æ, –∞ —Å —á–µ–≥–æ –Ω–∞—á–∞—Ç—å?",66.0,34.0
"Big Data, AI and Machine Learning",https://t.me/bolshiedannye,1036,"–ó–¥–µ—Å—å –º—ã –Ω–µ —Å—Ç–µ—Å–Ω—è–µ–º—Å—è –∏ ¬´—Å –Ω—É–ª—è¬ª —Ä–∞–∑–±–∏—Ä–∞–µ–º—Å—è –≤ —Ç–æ–º, —á—Ç–æ —Ç–∞–∫–æ–µ –º–∞—à–∏–Ω–Ω–æ–µ –æ–±—É—á–µ–Ω–∏–µ, –Ω–µ–π—Ä–æ—Å–µ—Ç–∏, –ò–ò, –ø—Ä–æ–≥–Ω–æ–∑–Ω–∞—è –∞–Ω–∞–ª–∏—Ç–∏–∫–∞ –∏ —Ç.–¥. –ê —Ç–∞–∫–∂–µ —á–∏—Ç–∞–µ–º –ø—Ä–æ –∫–µ–π—Å—ã, —Å—Ç–∞—Ä—Ç–∞–ø—ã –∏ —Ç–µ—Ö–Ω–æ–ª–æ–≥–∏–∏.",40.0,60.0
–ù–∏ —Å–ª–æ–≤–∞ –æ –Ω–µ–π—Ä–æ—Å–µ—Ç—è—Ö,https://t.me/ai4bus,1001,"–ú–∞–∫—Å–∏–º –ò–≤–∞–Ω–æ–≤, –í–∏—Ü–µ-–ø—Ä–µ–∑–∏–¥–µ–Ω—Ç –ø–æ AI –ë–ö–°.",,
Victoria's Vibe ‚ù§Ô∏è‚Äçüî• AI –æ–±—Ä–∞–∑–æ–≤–∞–Ω–∏–µ,https://t.me/Victoriya_Academy,986,"–ü–æ–∫–∞–∂—É, –∫–∞–∫ –∏—Å–ø–æ–ª—å–∑–æ–≤–∞—Ç—å –Ω–µ–π—Ä–æ—Å–µ—Ç–∏ –¥–ª—è –∫–æ–Ω—Ç–µ–Ω—Ç–∞",24.8,75.2
–¢–∞–±—É–ò–ò—Ä–æ–≤–∞–Ω–Ω—ã–π,https://t.me/tabu_openai,822,–°–∞–º–æ–µ –ø–æ–ª–µ–∑–Ω–æ–µ –¥–ª—è –ò–ò-—Å–ø–µ—Ü–∏–∞–ª–∏—Å—Ç–∞,,
Oh! Future,https://t.me/ohfuture,729,–ó–¥–µ—Å—å –Ω–µ–Ω–∞–≤—è–∑—á–∏–≤–æ –ø—Ä–æ —Ç–µ—Ö–Ω–æ–ª–æ–≥–∏—á–µ—Å–∫–æ–µ –∏—Å–∫—É—Å—Å—Ç–≤–æ –∏ –∫—É–ª—å—Ç—É—Ä—É –±—É–¥—É—â–µ–≥–æ,29.0,71.0
–≠–ª—å–≤–∏–Ω–∞ –ú–∞—Å–ª–æ–≤–∞| –ù–µ–π—Ä–æ—Å–µ—Ç–∏,https://t.me/neuro_dopamine,599,–ù–µ–π—Ä–æ—Å–µ—Ç–∏-—ç—Ç–æ —Å–ª–æ–∂–Ω–æ? –ê–±—Å–æ–ª—é—Ç–Ω–æ –Ω–µ—Ç!,,
Ai –î–ê –¢–´ –®–û | –ù–µ–π—Ä–æ—Å–µ—Ç–∏,https://t.me/ai_datysho,466,–í–∞—à –ø—Ä–æ–≤–æ–¥–Ω–∏–∫ –≤ –º–∏—Ä –Ω–µ–π—Ä–æ—Å–µ—Ç–µ–π –∏ —Ç–µ—Ö–Ω–æ–ª–æ–≥–∏–π.,70.0,30.0
"—ç–π, –∞–π!",https://t.me/ei_ai_channel,371,"–º–µ–Ω—è –∑–æ–≤—É—Ç –ú–∏—à–∞ –∏ –∑–¥–µ—Å—å —è –ø–æ–∫–∞–∑—ã–≤–∞—é, –∫–∞–∫ –ø—Ä–æ–∫–∞—á–∏–≤–∞—é —Å–≤–æ–∏ –±—É–¥–Ω–∏ —Å AI",68.0,32.0
ü§ñ ML Product Hub,https://t.me/ml_product,366,"–ù–æ–≤–æ—Å—Ç–∏, –∫–µ–π—Å—ã –∏ —ç–∫—Å–ø–µ—Ä—Ç–Ω—ã–µ —Å—Ç–∞—Ç—å–∏ –Ω–∞ —Å—Ç—ã–∫–µ ML –∏ –ø—Ä–æ–¥—É–∫—Ç–æ–≤–æ–π —Ä–∞–∑—Ä–∞–±–æ—Ç–∫–∏. –ò–Ω—Å–∞–π—Ç—ã –¥–ª—è –ø—Ä–æ–¥–∞–∫—Ç–æ–≤ –∏ Data Scientists. –ü–æ–¥–ø–∏—à–∏—Å—å ‚Äî –¥–µ—Ä–∂–∏ —Ä—É–∫—É –Ω–∞ –ø—É–ª—å—Å–µ –∏–Ω–Ω–æ–≤–∞—Ü–∏–∏–π!",,
AI –∏–∑ –ì–∞—Ä–∞–∂–∞ | –ü—Ä–æ—Å—Ç–æ –ø—Ä–æ –ò–ò –≤ –±–∏–∑–Ω–µ—Å–µ,https://t.me/aizool,357,–ü–∏–ª–∏–º AI –≤ ¬´–ì–∞—Ä–∞–∂–µ¬ª,74.3,25.7
BPA,https://t.me/bpa_tech,320,"BPA ‚Äî —Ä–æ—Å—Å–∏–π—Å–∫–∞—è –ò–¢-–∫–æ–º–ø–∞–Ω–∏—è, –∑–∞–Ω–∏–º–∞—é—â–∞—è—Å—è —Ä–∞–∑—Ä–∞–±–æ—Ç–∫–æ–π –ø—Ä–æ–≥—Ä–∞–º–º–Ω–æ–≥–æ –æ–±–µ—Å–ø–µ—á–µ–Ω–∏—è –≤ –æ–±–ª–∞—Å—Ç–∏ –∏—Å–∫—É—Å—Å—Ç–≤–µ–Ω–Ω–æ–≥–æ –∏–Ω—Ç–µ–ª–ª–µ–∫—Ç–∞, —Ä–æ–±–æ—Ç–æ—Ç–µ—Ö–Ω–∏–∫–∏ –∏ IoT",,
–°–î–ñ 2.0,https://t.me/fromzerotojunk,320,"–ü—Ä–æ IT, –ò–ë, –∏–º–ø–æ—Ä—Ç–æ–∑–∞–º–µ—â–µ–Ω–∏–µ, —Å–æ—Ñ—Ç, –ò–ò –∏ —á—Ç–æ-—Ç–æ –µ—â–µ.",66.9,33.1
–ë–ª–æ–≥–µ—Ä–∞–º: –Ω–µ–π—Ä–æ–º–∞–≥–∏—è –∫–æ–Ω—Ç–µ–Ω—Ç–∞ üì£,https://t.me/neiromagiya_contenta,276,"–ö–∞–Ω–∞–ª –¥–ª—è —Ç–µ—Ö, –∫—Ç–æ —Ö–æ—á–µ—Ç —Ä–≤–∞—Ç—å –ª–µ–Ω—Ç—É –∫–æ–Ω—Ç–µ–Ω—Ç–æ–º: –Ω–µ–π—Ä–æ—Å–µ—Ç–∏, –∏–¥–µ–∏, —Ç–µ–∫—Å—Ç—ã ‚Äî –±–µ–∑ –≤–∞–Ω–∏–ª–∏, –Ω–æ —Å —É–¥–∞—Ä–æ–º –≤ —Ö–∞—Ä–∏–∑–º—É.",,
ü§ñ –ê–ª–≥–æ—Ä–∏—Ç–º—ã –ò–ò,https://t.me/ai_barkov,232,–ö–∞–∫ –ø—Ä–∏–º–µ–Ω—è—Ç—å –Ω–µ–π—Ä–æ—Å–µ—Ç–∏ –≤ —Ä–∞–±–æ—Ç–µ –∏ –∂–∏–∑–Ω–∏.,,
SpeechAI Pro,https://t.me/SpeechAIPro,218,"–¢–µ—Ö–Ω–æ–ª–æ–≥–∏–∏ —Ä–∞—Å–ø–æ–∑–Ω–∞–≤–∞–Ω–∏—è –∏ —Å–∏–Ω—Ç–µ–∑–∞ —Ä–µ—á–∏, —Ä–∞–∑—Ä–∞–±–æ—Ç–∫–∞, —É–ø—Ä–∞–≤–ª–µ–Ω–∏–µ –∫–æ–º–∞–Ω–¥–∞–º–∏. –î–ª—è —Å–≤—è–∑–∏ - @vzaguskin",75.4,24.6
Data Cluster,https://t.me/datacluster,54,–•–æ—Å—Ç–∏–Ω–≥ –∏ –ø—Ä–æ–¥–∞–∂–∞ –æ–±–æ—Ä—É–¥–æ–≤–∞–Ω–∏—è –¥–ª—è –∏—Å–∫—É—Å—Å—Ç–≤–µ–Ω–Ω–æ–≥–æ –∏–Ω—Ç–µ–ª–ª–µ–∫—Ç–∞!,,
–ò–≥–æ—Ä—ë–∫ –í –≠—Ñ–∏—Ä–µ | –ù–µ–π—Ä–æ—Å–µ—Ç–∏ –∏ –±–∏–∑–Ω–µ—Å üí∞,https://t.me/igorekOnAir,24,"–ù–µ–π—Ä–æ—Å–µ—Ç–∏, SEO-–ø—Ä–æ–¥–≤–∏–∂–µ–Ω–∏–µ, –ò–Ω—Ç–µ—Ä–Ω–µ—Ç-–º–∞—Ä–∫–µ—Ç–∏–Ω–≥, –ú–∞–Ω–∏–º–µ–π–∫–∏–Ω–≥. –û–±–æ –º–Ω–µ: https://seonode.ru",,
–ù–µ–π—Ä–æ(–ø—Ä–∏)–î—É—Ä–æ–≤—â–∏–Ω–∞,https://t.me/durova_hohma,17,"–Æ–º–æ—Ä–Ω–æ–π –∏ –ø—Ä–∏–¥—É—Ä–∫–æ–≤–∞—Ç—ã–π –∫–∞–Ω–∞–ª —Å –∞–≤—Ç–æ—Ä—Å–∫–∏–º–∏ —à—É—Ç–∫–∞–º–∏, –∏—Å—Ç–æ—Ä–∏—è–º–∏ –∏ –≤—Å—è–∫–∏–º–∏ –∂–∏–∑–Ω–µ–Ω–Ω—ã–º–∏ —Ö–æ—Ö–º–∞–º–∏. –ù–µ–π—Ä–æ–±–∞–ª–æ–≤—Å—Ç–≤–æ –∏ –Ω–∏—á–µ–≥–æ —Å–µ—Ä—å—ë–∑–Ω–æ–≥–æ.",,
–ë–∏–∑–Ω–µ—Å 3.0. –†–∞–∑–≤–∏—Ç–∏–µ —Å –Ω–µ–π—Ä–æ—Å–µ—Ç—è–º–∏,https://t.me/business30neuro,5,–ù–µ–π—Ä–æ—Å–µ—Ç–∏ - –∫–∞–∫–∏–µ –≤–æ–∑–º–æ–∂–Ω–æ—Å—Ç–∏ –æ–Ω–∏ –¥–∞—é—Ç –±–∏–∑–Ω–µ—Å—É –¥–ª—è —Ä–æ—Å—Ç–∞ –∏ —Ä–∞–∑–≤–∏—Ç–∏—è. –ü—Ä–æ—Å—Ç—ã–º –∏ –ø–æ–Ω—è—Ç–Ω—ã–º —è–∑—ã–∫–æ–º.,,
